Patch,AE,Company Name,Alternative Name,Company Website,Account Tiering,Salesforce Link,Salesforce Status,Industry,SDR Notes,No. of Leads,Cloud,Remarks,MongoDB Friendly Titles,Following MDB,MongoDB in Profile,Search,Complimentary Tech,GenAI,ETL or CDC,Real-time,Customer Data Platform,Operational Data Store,MySQL,Oracle,MSSQL,PostgreSQL,Redis,MariaDB,IBM,AWS,GCP,Microsoft
Japan,Yuki Sato,Example Holdings K.K.,,www.example-holdings.example.co.jp,3,,Prospect,Manufacturing,,1,"GCP, AWS",,,,,,,,,,,,,,,,,,,,,
Japan,Yuki Sato,Sample Astemo Ltd.,Sample Hitachi Astemo,https://www.sampleastemo.example.com,3,,Net New,,,6,,"Used to be under a parent group, now independent as of last year",,,,,,,,,,,,,,,,,,,,
Malaysia,Alex Rivera,Coastal Health Systems,,,2,,,Healthcare,,2,,,Yes,Yes,,,,,,,,,,,Yes,,,,,,
Singapore,Jamie Lin,BrightPath Logistics,,https://brightpathlog.example.com,1,,Qualified,Logistics,,5,GCP,Strong intent signal,Yes,,Yes,,Yes,Yes,,Yes,Yes,,,,Yes,,,,Yes,,
Indonesia,Sam Okafor,Pinnacle Retail Holdings,,,2,,Qualified,Retail,Follow up scheduled,6,GCP,,Yes,,Yes,,Yes,,,Yes,,,,,Yes,,,,,Yes,
Japan,Yuki Sato,Meridian Tech Solutions,,https://meridiantech.example.com,3,,,Technology,,2,AWS,,,Yes,,,,Yes,,,,,,,,,,,,Yes,
Malaysia,Priya Nair,Nova Financial Services,NovaFin,https://novafin.example.com,3,,,Financial Services,Needs nurturing,1,Azure,,,,,,,,,,,,Yes,,Yes,,,,,Yes,
Singapore,Priya Nair,Horizon Data Systems,HDS,https://horizondata.example.com,1,,Opportunity Created,Technology,Champion identified,3,,Multi-cloud interest,Yes,Yes,Yes,Yes,Yes,Yes,Yes,Yes,Yes,,,,,,,,Yes,Yes,Yes
Malaysia,Yuki Sato,Cedarline Foods Group,,,2,,,Consumer Goods,,1,,,,,,,,,,,,,,,,,,,,,
Vietnam,Alex Rivera,Skyline Manufacturing Co,,https://skylinemfg.example.com,3,,Opportunity Created,Manufacturing,SDR reviewing,4,AWS,Interested in real-time analytics,,,Yes,Yes,,Yes,Yes,Yes,,Yes,,,,,,Yes,,,
